sample,popdepth,HeterozygosityVariantSites,HeterozygosityAllSites
2,TER-North-Mesophotic,0.3064,0.0035
4,TER-North-Mesophotic,0.2348,0.0024
5,TER-North-Mesophotic,0.2235,0.0023
6,TER-North-Mesophotic,0.2272,0.0023
7,TER-North-Mesophotic,0.2277,0.0023
8,TER-North-Mesophotic,0.2139,0.0023
9,TER-North-Mesophotic,0.2131,0.0021
10,TER-North-Mesophotic,0.2087,0.0021
12,TER-North-Mesophotic,0.2169,0.0022
13,TER-North-Mesophotic,0.2226,0.0023
14,TER-North-Shallow,0.2193,0.0022
15,TER-North-Shallow,0.2287,0.0023
16,TER-North-Shallow,0.2157,0.0023
17,TER-North-Shallow,0.382,0.0035
18,TER-North-Shallow,0.3702,0.004
19,TER-North-Shallow,0.2157,0.0022
20,TER-North-Shallow,0.3998,0.0037
21,TER-North-Shallow,0.3486,0.0035
22,TER-North-Shallow,0.2137,0.0022
23,TER-North-Shallow,0.375,0.0042
24,TER-North-Shallow,0.2149,0.0023
26,TER-North-Shallow,0.2209,0.0024
27,TER-North-Shallow,0.1999,0.0022
28,TER-North-Shallow,0.2264,0.0023
29,TER-North-Shallow,0.2303,0.0023
30,TER-North-Shallow,0.2192,0.0023
31,TER-North-Shallow,0.227,0.0024
32,TER-North-Shallow,0.2338,0.0024
33,TER-North-Shallow,0.2296,0.0024
34,TER-North-Shallow,0.2375,0.0028
36,TER-North-Shallow,0.2979,0.0033
37,TER-North-Mesophotic,0.238,0.0025
38,TER-North-Mesophotic,0.2411,0.0025
39,TER-North-Mesophotic,0.2029,0.0028
40,TER-North-Mesophotic,0.2309,0.0033
41,TER-North-Mesophotic,0.2195,0.0022
42,TER-North-Mesophotic,0.2032,0.0022
44,TER-North-Mesophotic,0.1943,0.0025
45,TER-North-Mesophotic,0.2366,0.0024
46,TER-North-Mesophotic,0.2238,0.0023
47,TER-North-Mesophotic,0.2295,0.0023
48,TER-North-Shallow,0.2092,0.0021
49,TER-North-Shallow,0.2709,0.003
50,TER-North-Shallow,0.2148,0.0023
52,TER-North-Shallow,0.2586,0.0026
53,TER-North-Shallow,0.2141,0.0022
54,TER-North-Mesophotic,0.2424,0.0023
55,TER-North-Mesophotic,0.1979,0.0021
56,TER-North-Mesophotic,0.212,0.0022
60,TER-North-Shallow,0.2055,0.0021
61,TER-South-Mesophotic,0.2366,0.0024
62,TER-South-Mesophotic,0.2061,0.0022
63,TER-South-Mesophotic,0.2083,0.0022
64,TER-South-Mesophotic,0.2373,0.0024
65,TER-South-Mesophotic,0.2898,0.003
66,TER-South-Mesophotic,0.3381,0.0035
67,TER-South-Mesophotic,0.2114,0.0022
68,TER-South-Mesophotic,0.2644,0.0026
69,TER-South-Mesophotic,0.2192,0.0023
70,TER-South-Mesophotic,0.2159,0.0022
71,TER-South-Mesophotic,0.2129,0.0022
72,TER-South-Mesophotic,0.2283,0.0024
73,TER-South-Mesophotic,0.205,0.0021
74,TER-South-Mesophotic,0.2681,0.0029
75,TER-South-Mesophotic,0.2227,0.0022
76,TER-South-Mesophotic,0.2314,0.0023
77,TER-South-Mesophotic,0.2071,0.0022
78,TER-South-Mesophotic,0.2232,0.0022
79,TER-South-Mesophotic,0.2236,0.0023
80,TER-South-Mesophotic,0.2296,0.0024
82,TER-South-Shallow,0.2291,0.0023
84,TER-South-Shallow,0.2329,0.0024
85,TER-South-Shallow,0.2054,0.0023
86,TER-South-Shallow,0.235,0.0025
87,TER-South-Shallow,0.2962,0.0036
88,TER-South-Shallow,0.2169,0.0023
89,TER-South-Shallow,0.2186,0.0022
90,TER-South-Shallow,0.2114,0.0022
91,TER-South-Shallow,0.2096,0.0023
92,TER-South-Shallow,0.2329,0.0025
93,TER-South-Shallow,0.2744,0.0027
94,TER-South-Shallow,0.3892,0.0038
95,TER-South-Shallow,0.2777,0.003
96,TER-South-Shallow,0.2293,0.0024
97,TER-South-Shallow,0.2285,0.0023
98,TER-South-Shallow,0.2214,0.0023
99,TER-South-Shallow,0.2497,0.003
100,TER-South-Shallow,0.2289,0.0024
101,TER-South-Shallow,0.2272,0.0023
102,TER-South-Shallow,0.2078,0.0023
103,TER-South-Shallow,0.2484,0.0026
104,TER-South-Shallow,0.2214,0.0024
105,TER-South-Shallow,0.259,0.0026
106,TER-South-Shallow,0.236,0.0024
107,TER-South-Mesophotic,0.2169,0.0024
108,TER-South-Mesophotic,0.2123,0.0022
109,TER-South-Mesophotic,0.2178,0.0023
110,TER-South-Mesophotic,0.2344,0.0026
111,TER-South-Mesophotic,0.2625,0.0027
112,TER-South-Mesophotic,0.2637,0.0027
113,TER-South-Mesophotic,0.2197,0.0022
114,TER-South-Mesophotic,0.2847,0.0032
115,TER-South-Mesophotic,0.3068,0.0032
116,TER-South-Mesophotic,0.2021,0.0021
117,TER-South-Mesophotic,0.2791,0.0032
118,TER-South-Shallow,0.2473,0.0024
119,TER-South-Shallow,0.2146,0.0023
120,TER-South-Shallow,0.2323,0.0024
121,TER-South-Shallow,0.2273,0.0025
122,TER-South-Mesophotic,0.2297,0.0024
123,TER-South-Mesophotic,0.3454,0.0036
124,TER-South-Mesophotic,0.2254,0.0022
125,TER-South-Mesophotic,0.2219,0.0024
126,TER-South-Mesophotic,0.2271,0.0023
127,TER-South-Mesophotic,0.2127,0.0023
128,Lower Keys-Shallow,0.2404,0.0024
129,Lower Keys-Shallow,0.2228,0.0024
130,Lower Keys-Shallow,0.2421,0.0026
131,Lower Keys-Shallow,0.2501,0.0029
132,Lower Keys-Shallow,0.2221,0.0024
133,Lower Keys-Shallow,0.2013,0.0021
134,Lower Keys-Shallow,0.2058,0.0022
135,Lower Keys-Shallow,0.2239,0.0023
136,Lower Keys-Shallow,0.2366,0.0025
137,Lower Keys-Shallow,0.2345,0.0023
138,Lower Keys-Shallow,0.2353,0.0024
139,Lower Keys-Shallow,0.2399,0.0026
140,Lower Keys-Shallow,0.2174,0.0022
141,Lower Keys-Shallow,0.2191,0.0023
142,Lower Keys-Shallow,0.3268,0.0033
143,Lower Keys-Shallow,0.2104,0.0022
144,Lower Keys-Shallow,0.2221,0.0022
145,Lower Keys-Shallow,0.2494,0.0025
146,Lower Keys-Shallow,0.2565,0.0029
147,Lower Keys-Shallow,0.265,0.003
148,Lower Keys-Shallow,0.2033,0.0022
149,Lower Keys-Shallow,0.2184,0.0022
150,Lower Keys-Shallow,0.2217,0.0023
151,Lower Keys-Shallow,0.216,0.0023
152,Lower Keys-Shallow,0.2186,0.0022
153,Lower Keys-Shallow,0.3547,0.0034
154,Lower Keys-Shallow,0.2208,0.0024
155,Lower Keys-Shallow,0.2416,0.0026
156,Lower Keys-Shallow,0.2463,0.0024
157,Lower Keys-Mesophotic,0.1735,0.0024
158,Lower Keys-Mesophotic,0.2176,0.0022
159,Lower Keys-Mesophotic,0.2183,0.0023
160,Lower Keys-Mesophotic,0.2237,0.0023
161,Lower Keys-Mesophotic,0.2415,0.0024
162,Lower Keys-Mesophotic,0.2265,0.0023
163,Lower Keys-Mesophotic,0.3445,0.0035
164,Lower Keys-Mesophotic,0.2192,0.0023
165,Lower Keys-Mesophotic,0.2052,0.0022
166,Lower Keys-Mesophotic,0.2264,0.0023
167,Lower Keys-Mesophotic,0.1776,0.0023
168,Lower Keys-Mesophotic,0.2236,0.0023
169,Lower Keys-Mesophotic,0.2125,0.0022
170,Lower Keys-Shallow,0.2207,0.0022
171,Upper Keys-Mesophotic,0.215,0.0021
172,Upper Keys-Mesophotic,0.2151,0.0022
173,Upper Keys-Mesophotic,0.2564,0.0025
174,Upper Keys-Mesophotic,0.2299,0.0023
175,Upper Keys-Mesophotic,0.2083,0.0021
176,Upper Keys-Mesophotic,0.2083,0.0021
177,Upper Keys-Mesophotic,0.2209,0.0022
178,Upper Keys-Mesophotic,0.2216,0.0022
179,Upper Keys-Shallow,0.259,0.0027
180,Upper Keys-Shallow,0.2115,0.0021
181,Upper Keys-Shallow,0.229,0.0023
182,Upper Keys-Shallow,0.2274,0.0024
183,Upper Keys-Shallow,0.2161,0.0022
184,Upper Keys-Shallow,0.2139,0.0022
185,Upper Keys-Shallow,0.2278,0.0022
186,Upper Keys-Shallow,0.2376,0.0024
187,Upper Keys-Mesophotic,0.2498,0.0026
188,Upper Keys-Mesophotic,0.2178,0.0022
189,Upper Keys-Mesophotic,0.2193,0.0022
190,Upper Keys-Mesophotic,0.2329,0.0023
191,Upper Keys-Mesophotic,0.2227,0.0023
192,Upper Keys-Mesophotic,0.226,0.0023
193,Upper Keys-Mesophotic,0.2231,0.0026
194,Upper Keys-Shallow,0.2123,0.0025
195,Upper Keys-Shallow,0.2495,0.0027
196,Upper Keys-Shallow,0.2593,0.0028
198,Upper Keys-Shallow,0.2011,0.0021
199,Upper Keys-Shallow,0.2068,0.0024
200,Upper Keys-Shallow,0.3055,0.003
201,Upper Keys-Mesophotic,0.3773,0.0038
202,Upper Keys-Mesophotic,0.2176,0.0023
205,Upper Keys-Mesophotic,0.3004,0.0033
208,Upper Keys-Mesophotic,0.2906,0.003
209,Upper Keys-Mesophotic,0.3331,0.0036
211,Upper Keys-Mesophotic,0.3037,0.003
212,Upper Keys-Mesophotic,0.2932,0.003
214,Upper Keys-Mesophotic,0.3493,0.0039
216,Upper Keys-Mesophotic,0.2683,0.0037
217,Upper Keys-Mesophotic,0.2193,0.0024
218,Upper Keys-Shallow,0.2241,0.0025
219,Upper Keys-Shallow,0.21,0.0023
220,Upper Keys-Shallow,0.2098,0.0022
222,Upper Keys-Shallow,0.2076,0.0029
224,Upper Keys-Shallow,0.2217,0.0023
225,Upper Keys-Shallow,0.2217,0.0023
226,Upper Keys-Shallow,0.2258,0.0024
227,Upper Keys-Shallow,0.227,0.0024
228,Upper Keys-Shallow,0.2082,0.0021
229,Upper Keys-Shallow,0.1737,0.0024
230,Upper Keys-Shallow,0.2158,0.0022
231,Upper Keys-Shallow,0.2157,0.0024
232,Upper Keys-Shallow,0.1815,0.0024
233,Upper Keys-Shallow,0.2063,0.0025
234,Upper Keys-Shallow,0.227,0.0023
235,Upper Keys-Shallow,0.2017,0.0021
236,Upper Keys-Shallow,0.2278,0.0023
237,Upper Keys-Shallow,0.2,0.0021